<!-- <?xml version="1.0" encoding="UTF-8"?>

<template xml:space="preserve">

    <t t-extend="KanbanView.buttons">
		<t t-jquery="div" t-operation="append">
        	<button t-if="widget.modelName == 'maintenance.team'" type="button" class="btn btn-primary oe_custom_filter_button_last_seven" accesskey="f">Last 7 Days Requests</button>

            <button t-if="widget.modelName == 'maintenance.team'" type="button" class="btn btn-primary oe_custom_filter_button_last_thirty" accesskey="f">Last 30 Days Requests</button>  
        	<div class="panel panel-default" t-if="widget.modelName == 'maintenance.team'">
  				<div class="panel-body">
       				<div class="row filter_controls">
            			<div class="col-lg-4 mr-5 mt-3">
                			<h5><label for="start_date"><strong>Start Date</strong></label></h5>
                			<input type="date" class="form-control start_date" style="width:300px"/>
        				</div>
           				<div class="col-lg-4 ml-5 mt-3">
                			<h5><label for="end_date"><strong>End Date</strong></label></h5>
               				<input type="date" class="form-control end_date" style="width:300px"/>
            			</div>
            			<div class="col-lg-4 mt-3">
                			<button t-if="widget.modelName == 'maintenance.team'" type="button" 
         					class="btn btn-primary oe_custom_filter_button" accesskey="f">
                				Search
                			</button>
            			</div>
            		</div>
            	</div>
            </div>
        </t>
    </t>

</template> -->