<?xml version="1.0" encoding="UTF-8" ?>
<!-- Copyright 2020-2022 Tecnativa - Pedro M. Baeza
     License AGPL-3.0 or later (https://www.gnu.org/licenses/agpl). -->
<odoo>
     <data>
        <record id="module_category_commission" model="ir.module.category">
            <field name="name">Commissions</field>
            <field name="description">Allows to handle commission related stuff.</field>
            <field name="sequence">8</field>
        </record>
        <record id="group_commission_user" model="res.groups">
            <field name="name">User</field>
            <field name="category_id" ref="module_category_commission" />
            <field name="implied_ids" eval="[(4, ref('base.group_user'))]" />
        </record>
        <record id="group_commission_manager" model="res.groups">
            <field name="name">Manager</field>
            <field name="category_id" ref="module_category_commission" />
            <field name="implied_ids" eval="[(4, ref('group_commission_user'))]" />
        </record>
        <record id="base.user_admin" model="res.users">
            <field name="groups_id" eval="[(4, ref('group_commission_manager'))]" />
        </record>
        <record id="base.group_system" model="res.groups">
            <field name="implied_ids" eval="[(4, ref('group_commission_manager'))]" />
        </record>
    </data>
    <data noupdate="1">
        <record id="rule_settlement_multi_company" model="ir.rule">
            <field name="name">Commission settlement multi company rule</field>
            <field name="model_id" ref="model_commission_settlement" />
            <field
                name="domain_force"
            >['|', ('company_id', '=', False), ('company_id', 'in', company_ids)]</field>
        </record>
        <record id="rule_settlement_all" model="ir.rule">
            <field name="name">Commission settlements - See all</field>
            <field name="groups" eval="[(4, ref('group_commission_user'))]" />
            <field name="model_id" ref="model_commission_settlement" />
            <field name="domain_force">[(1, '=', 1)]</field>
        </record>
    </data>
</odoo>
