<?xml version="1.0" encoding="utf-8" ?>
<odoo noupdate="1">
    <record model="purchase.order.type" id="po_type_regular">
        <field name="name">Regular</field>
        <field name="sequence">5</field>
    </record>
    <record model="purchase.order.type" id="po_type_blanket">
        <field name="name">Blanket</field>
    </record>
    <record model="purchase.order.type" id="po_type_contract">
        <field name="name">Contract</field>
    </record>
    <record model="purchase.order.type" id="po_type_planned">
        <field name="name">Planned</field>
    </record>
</odoo>
