<?xml version="1.0" encoding="UTF-8"?>
<odoo noupdate="1">

    <!-- Product Template Brands -->
    <record id="product.product_product_13_product_template" model="product.template">
        <field name="feed_brand_id" ref="brand_lux"/>
    </record>
    <record id="product.product_product_5_product_template" model="product.template">
        <field name="feed_brand_id" ref="brand_red_and_white"/>
    </record>
    <record id="product.product_product_22_product_template" model="product.template">
        <field name="feed_brand_id" ref="brand_lux"/>
    </record>
    <record id="product.product_product_8_product_template" model="product.template">
        <field name="feed_brand_id" ref="brand_wood_idea"/>
    </record>

</odoo>
