<?xml version="1.0"?>
<odoo>
    <data noupdate="0">
        
        <record id="ir_cron_create_new_maintenance_request" model="ir.cron">
            <field name="name">Create New Maintenance Preventive</field>
            <field name="model_id" ref="model_maintenance_request"/>
            <field name="state">code</field>
            <field name="code">model.create_new_maintenance_request()</field>
            <field name="active" eval="True"/>
            <field name="user_id" ref="base.user_root"/>
            <field name="interval_number">1</field>
            <field name="interval_type">days</field>
            <field name="numbercall">-1</field>
            <field name="doall" eval="False"/>
        </record>

    </data>
</odoo>