id,name,model_id:id,group_id:id,perm_read,perm_write,perm_create,perm_unlink
access_sale_order_line_agent,access_sale_order_line_agent,model_sale_order_line_agent,sales_team.group_sale_salesman,1,1,1,1
access_commission,access_commission,commission.model_commission,sales_team.group_sale_salesman,1,0,0,0
access_commission_section_user,access_commission_section_user,commission.model_commission_section,sales_team.group_sale_salesman,1,0,0,0
access_account_invoice_line_agent,access_account_invoice_line_agent,account_commission.model_account_invoice_line_agent,sales_team.group_sale_salesman,1,0,0,0
